<Backups xmlns="http://www.microsoft.com/GroupPolicy/GPOOperations/Manifest" xmlns:mfst="http://www.microsoft.com/GroupPolicy/GPOOperations/Manifest" mfst:version="1.0"><BackupInst><GPOGuid><![CDATA[{0FBB67BC-30EF-4414-B924-611BDC2BB36E}]]></GPOGuid><GPODomain><![CDATA[corefamily.net]]></GPODomain><GPODomainGuid><![CDATA[{b9c6daee-8f98-42f9-a08f-759be1f5d701}]]></GPODomainGuid><GPODomainController><![CDATA[CoreFamDC01.corefamily.net]]></GPODomainController><BackupTime><![CDATA[2022-12-20T18:45:18]]></BackupTime><ID><![CDATA[{40F0C854-85DF-48A5-B8E3-0B79A41B859C}]]></ID><Comment><![CDATA[AVD_Recommended_FSLogix_v1]]></Comment><GPODisplayName><![CDATA[AVD_Recommended_FSLogix]]></GPODisplayName></BackupInst><BackupInst><GPOGuid><![CDATA[{290973DB-9761-4858-AA6E-3ED59EAB0EAD}]]></GPOGuid><GPODomain><![CDATA[corefamily.net]]></GPODomain><GPODomainGuid><![CDATA[{b9c6daee-8f98-42f9-a08f-759be1f5d701}]]></GPODomainGuid><GPODomainController><![CDATA[CoreFamDC01.corefamily.net]]></GPODomainController><BackupTime><![CDATA[2022-12-20T18:34:29]]></BackupTime><ID><![CDATA[{44CB381A-D34D-4CE5-89F3-6BE891BED54F}]]></ID><Comment><![CDATA[AVD_Recommended_Computer_v1]]></Comment><GPODisplayName><![CDATA[AVD_Recommended_Computer]]></GPODisplayName></BackupInst></Backups>