<?xml version="1.0" encoding="utf-8"?>
<RegistrySettings clsid="{A3CCFC41-DFDB-43a5-8D26-0FE8B954DA51}"><Collection clsid="{53B533F5-224C-47e3-B01B-CA3B3F3FF4BF}" name="AVDHighResolutionFix"><Registry clsid="{9CD4B2F4-923D-47f5-A062-E897DD1DAD50}" name="MaxMonitors" status="MaxMonitors" image="12" changed="2022-12-19 20:34:31" uid="{CFEF3538-8CBE-4462-81FB-8C0F15AD8AE1}"><Properties action="U" displayDecimal="1" default="0" hive="HKEY_LOCAL_MACHINE" key="SYSTEM\CurrentControlSet\Control\Terminal Server\WinStations\RDP-Tcp" name="MaxMonitors" type="REG_DWORD" value="00000004"/></Registry>
		<Registry clsid="{9CD4B2F4-923D-47f5-A062-E897DD1DAD50}" name="MaxXResolution" status="MaxXResolution" image="12" changed="2022-12-19 20:34:20" uid="{ABDBD741-A3F9-4B43-A250-2264497BE681}"><Properties action="U" displayDecimal="1" default="0" hive="HKEY_LOCAL_MACHINE" key="SYSTEM\CurrentControlSet\Control\Terminal Server\WinStations\RDP-Tcp" name="MaxXResolution" type="REG_DWORD" value="00001400"/></Registry>
		<Registry clsid="{9CD4B2F4-923D-47f5-A062-E897DD1DAD50}" name="MaxYResolution" status="MaxYResolution" image="12" changed="2022-12-19 20:36:17" uid="{ADEFFA2D-4DB0-43D9-B851-98BA7A99E1D4}"><Properties action="U" displayDecimal="1" default="0" hive="HKEY_LOCAL_MACHINE" key="SYSTEM\CurrentControlSet\Control\Terminal Server\WinStations\RDP-Tcp" name="MaxYResolution" type="REG_DWORD" value="00000B40"/></Registry>
		<Registry clsid="{9CD4B2F4-923D-47f5-A062-E897DD1DAD50}" name="MaxMonitors" status="MaxMonitors" image="12" changed="2022-12-19 20:36:56" uid="{C3E30FD4-0B2A-4B9D-B848-7E13BEB1AC0B}"><Properties action="U" displayDecimal="1" default="0" hive="HKEY_LOCAL_MACHINE" key="SYSTEM\CurrentControlSet\Control\Terminal Server\WinStations\rdp-sxs" name="MaxMonitors" type="REG_DWORD" value="00000004"/></Registry>
		<Registry clsid="{9CD4B2F4-923D-47f5-A062-E897DD1DAD50}" name="MaxXResolution" status="MaxXResolution" image="12" changed="2022-12-19 20:37:47" uid="{ADB48824-607B-43F4-9785-B5826963CC0A}"><Properties action="U" displayDecimal="1" default="0" hive="HKEY_LOCAL_MACHINE" key="SYSTEM\CurrentControlSet\Control\Terminal Server\WinStations\rdp-sxs" name="MaxXResolution" type="REG_DWORD" value="00001400"/></Registry>
		<Registry clsid="{9CD4B2F4-923D-47f5-A062-E897DD1DAD50}" name="MaxYResolution" status="MaxYResolution" image="12" changed="2022-12-19 20:38:12" uid="{36D82AC7-C9E4-4F53-B583-43D8CC60FE2D}"><Properties action="U" displayDecimal="1" default="0" hive="HKEY_LOCAL_MACHINE" key="SYSTEM\CurrentControlSet\Control\Terminal Server\WinStations\rdp-sxs" name="MaxYResolution" type="REG_DWORD" value="00000B40"/></Registry>
	</Collection>
	<Collection clsid="{53B533F5-224C-47e3-B01B-CA3B3F3FF4BF}" name="RoamingProfileFix"><Registry clsid="{9CD4B2F4-923D-47f5-A062-E897DD1DAD50}" name="SpecialRoamingOverrideAllowed" status="SpecialRoamingOverrideAllowed" image="10" changed="2022-12-19 19:49:15" uid="{E33442CD-67D6-436C-BD5E-651207562156}" bypassErrors="1"><Properties action="C" displayDecimal="1" default="0" hive="HKEY_LOCAL_MACHINE" key="SOFTWARE\Microsoft\Windows\CurrentVersion\Explorer" name="SpecialRoamingOverrideAllowed" type="REG_DWORD" value="00000001"/></Registry>
	</Collection>
	<Collection clsid="{53B533F5-224C-47e3-B01B-CA3B3F3FF4BF}" name="HideTempDrive-D"><Registry clsid="{9CD4B2F4-923D-47f5-A062-E897DD1DAD50}" name="NoDrives" status="NoDrives" image="12" changed="2022-12-19 21:03:34" uid="{2C4524D7-E653-4F4F-9595-484F9E9E583B}"><Properties action="U" displayDecimal="1" default="0" hive="HKEY_LOCAL_MACHINE" key="Software\Microsoft\Windows\CurrentVersion\Policies\Explorer" name="NoDrives" type="REG_DWORD" value="00000008"/></Registry>
	</Collection>
	<Collection clsid="{53B533F5-224C-47e3-B01B-CA3B3F3FF4BF}" name="RemoveTasks"><Registry clsid="{9CD4B2F4-923D-47f5-A062-E897DD1DAD50}" name="AnalyzeSystem" status="AnalyzeSystem" image="3" changed="2022-12-20 17:13:45" uid="{9B10C0A9-1C0D-4541-B3F4-CEB2D476E9B9}"><Properties action="D" displayDecimal="0" default="0" hive="HKEY_LOCAL_MACHINE" key="SOFTWARE\Microsoft\Windows NT\CurrentVersion\Schedule\TaskCache\Tree\Microsoft\Windows\Power Efficiency Diagnostics\AnalyzeSystem" name="" type="REG_SZ" value=""/></Registry>
		<Registry clsid="{9CD4B2F4-923D-47f5-A062-E897DD1DAD50}" name="Consolidator" status="Consolidator" image="3" changed="2022-12-20 17:20:27" uid="{63FC2438-CE11-407E-9849-B2D642A42509}"><Properties action="D" displayDecimal="0" default="0" hive="HKEY_LOCAL_MACHINE" key="SOFTWARE\Microsoft\Windows NT\CurrentVersion\Schedule\TaskCache\Tree\Microsoft\Windows\Customer Experience Improvement Program\Consolidator" name="" type="REG_SZ" value=""/></Registry>
		<Registry clsid="{9CD4B2F4-923D-47f5-A062-E897DD1DAD50}" name="FamilySafetyMonitorr" status="FamilySafetyMonitorr" image="3" changed="2022-12-20 17:21:13" uid="{FD98904A-A373-4988-9EA2-C86D803AC1A6}"><Properties action="D" displayDecimal="0" default="0" hive="HKEY_LOCAL_MACHINE" key="SOFTWARE\Microsoft\Windows NT\CurrentVersion\Schedule\TaskCache\Tree\Microsoft\Windows\Shell\FamilySafetyMonitorr" name="" type="REG_SZ" value=""/></Registry>
		<Registry clsid="{9CD4B2F4-923D-47f5-A062-E897DD1DAD50}" name="FamilySafetyRefreshTask" status="FamilySafetyRefreshTask" image="3" changed="2022-12-20 17:21:52" uid="{E2C0831A-34E9-4D3F-B381-3B02BDE6AFA3}"><Properties action="D" displayDecimal="0" default="0" hive="HKEY_LOCAL_MACHINE" key="SOFTWARE\Microsoft\Windows NT\CurrentVersion\Schedule\TaskCache\Tree\Microsoft\Windows\Shell\FamilySafetyRefreshTask" name="" type="REG_SZ" value=""/></Registry>
		<Registry clsid="{9CD4B2F4-923D-47f5-A062-E897DD1DAD50}" name="MapsToastTask" status="MapsToastTask" image="3" changed="2022-12-20 17:23:11" uid="{EA8463A0-600D-4AF0-A086-098C1D6E3CCF}"><Properties action="D" displayDecimal="0" default="0" hive="HKEY_LOCAL_MACHINE" key="SOFTWARE\Microsoft\Windows NT\CurrentVersion\Schedule\TaskCache\Tree\Microsoft\Windows\Maps\MapsToastTask" name="" type="REG_SZ" value=""/></Registry>
		<Registry clsid="{9CD4B2F4-923D-47f5-A062-E897DD1DAD50}" name="MapsUpdateTask" status="MapsUpdateTask" image="3" changed="2022-12-20 17:23:45" uid="{63BBDE32-C390-4303-98CA-696C9C94ECD1}"><Properties action="D" displayDecimal="0" default="0" hive="HKEY_LOCAL_MACHINE" key="SOFTWARE\Microsoft\Windows NT\CurrentVersion\Schedule\TaskCache\Tree\Microsoft\Windows\Maps\MapsUpdateTask" name="" type="REG_SZ" value=""/></Registry>
		<Registry clsid="{9CD4B2F4-923D-47f5-A062-E897DD1DAD50}" name="MNO Metadata Parser" status="MNO Metadata Parser" image="3" changed="2022-12-20 17:24:54" uid="{0128D72C-864A-46E0-8711-0290C7D8D940}"><Properties action="D" displayDecimal="0" default="0" hive="HKEY_LOCAL_MACHINE" key="SOFTWARE\Microsoft\Windows NT\CurrentVersion\Schedule\TaskCache\Tree\Microsoft\Windows\Mobile Broadband Accounts\MNO Metadata Parser" name="" type="REG_SZ" value=""/></Registry>
		<Registry clsid="{9CD4B2F4-923D-47f5-A062-E897DD1DAD50}" name="Notifications" status="Notifications" image="3" changed="2022-12-20 17:25:52" uid="{D6C9416B-B29F-4D95-A4CA-1433B853D43A}"><Properties action="D" displayDecimal="0" default="0" hive="HKEY_LOCAL_MACHINE" key="SOFTWARE\Microsoft\Windows NT\CurrentVersion\Schedule\TaskCache\Tree\Microsoft\Windows\Location\Notifications" name="" type="REG_SZ" value=""/></Registry>
		<Registry clsid="{9CD4B2F4-923D-47f5-A062-E897DD1DAD50}" name="QueueReporting" status="QueueReporting" image="3" changed="2022-12-20 17:26:37" uid="{A5D31170-EDD9-4C95-AB43-F6556345D765}"><Properties action="D" displayDecimal="0" default="0" hive="HKEY_LOCAL_MACHINE" key="SOFTWARE\Microsoft\Windows NT\CurrentVersion\Schedule\TaskCache\Tree\Microsoft\Windows\Windows Error Reporting\QueueReporting" name="" type="REG_SZ" value=""/></Registry>
		<Registry clsid="{9CD4B2F4-923D-47f5-A062-E897DD1DAD50}" name="ScheduledDefrag" status="ScheduledDefrag" image="3" changed="2022-12-20 17:27:11" uid="{9EAD234C-CFAF-46F0-825A-A2FA1CFD8589}"><Properties action="D" displayDecimal="0" default="0" hive="HKEY_LOCAL_MACHINE" key="SOFTWARE\Microsoft\Windows NT\CurrentVersion\Schedule\TaskCache\Tree\Microsoft\Windows\Defrag\ScheduledDefrag" name="" type="REG_SZ" value=""/></Registry>
		<Registry clsid="{9CD4B2F4-923D-47f5-A062-E897DD1DAD50}" name="UpdateLibrary" status="UpdateLibrary" image="3" changed="2022-12-20 17:27:47" uid="{F1CE8FB2-156D-4747-ACBD-D868BAF8EAC1}"><Properties action="D" displayDecimal="0" default="0" hive="HKEY_LOCAL_MACHINE" key="SOFTWARE\Microsoft\Windows NT\CurrentVersion\Schedule\TaskCache\Tree\Microsoft\Windows\Windows Media Sharing\UpdateLibrary" name="" type="REG_SZ" value=""/></Registry>
		<Registry clsid="{9CD4B2F4-923D-47f5-A062-E897DD1DAD50}" name="UsbCeip" status="UsbCeip" image="3" changed="2022-12-20 17:28:19" uid="{E23C00F8-A4CD-4DF3-BDBA-006299D9D83F}"><Properties action="D" displayDecimal="0" default="0" hive="HKEY_LOCAL_MACHINE" key="SOFTWARE\Microsoft\Windows NT\CurrentVersion\Schedule\TaskCache\Tree\Microsoft\Windows\Customer Experience Improvement Program\UsbCeip" name="" type="REG_SZ" value=""/></Registry>
		<Registry clsid="{9CD4B2F4-923D-47f5-A062-E897DD1DAD50}" name="VerifyWinRE" status="VerifyWinRE" image="3" changed="2022-12-20 17:29:04" uid="{BF0DAF86-C1EF-46F3-9CAF-EC4B95A4DB65}"><Properties action="D" displayDecimal="0" default="0" hive="HKEY_LOCAL_MACHINE" key="SOFTWARE\Microsoft\Windows NT\CurrentVersion\Schedule\TaskCache\Tree\Microsoft\Windows\RecoveryEnvironment\VerifyWinRE" name="" type="REG_SZ" value=""/></Registry>
		<Registry clsid="{9CD4B2F4-923D-47f5-A062-E897DD1DAD50}" name="WindowsActionDialog" status="WindowsActionDialog" image="3" changed="2022-12-20 17:29:39" uid="{7A35EB16-25E8-4E24-A0C1-B9622DE6F093}"><Properties action="D" displayDecimal="0" default="0" hive="HKEY_LOCAL_MACHINE" key="SOFTWARE\Microsoft\Windows NT\CurrentVersion\Schedule\TaskCache\Tree\Microsoft\Windows\Location\WindowsActionDialog" name="" type="REG_SZ" value=""/></Registry>
		<Registry clsid="{9CD4B2F4-923D-47f5-A062-E897DD1DAD50}" name="WinSAT" status="WinSAT" image="3" changed="2022-12-20 17:30:22" uid="{65D61292-B1CB-45D4-B56E-34A07861DA48}"><Properties action="D" displayDecimal="0" default="0" hive="HKEY_LOCAL_MACHINE" key="SOFTWARE\Microsoft\Windows NT\CurrentVersion\Schedule\TaskCache\Tree\Microsoft\Windows\Maintenance\WinSAT" name="" type="REG_SZ" value=""/></Registry>
		<Registry clsid="{9CD4B2F4-923D-47f5-A062-E897DD1DAD50}" name="XblGameSaveTask" status="XblGameSaveTask" image="3" changed="2022-12-20 17:17:39" uid="{49A055D5-5105-46CF-8552-BD3B9B710E8B}"><Properties action="D" displayDecimal="0" default="0" hive="HKEY_LOCAL_MACHINE" key="SOFTWARE\Microsoft\Windows NT\CurrentVersion\Schedule\TaskCache\Tree\Microsoft\XblGameSave\XblGameSaveTask" name="" type="REG_SZ" value=""/></Registry>
	</Collection>
</RegistrySettings>
