{
  "$schema": "https://schema.management.azure.com/schemas/2015-01-01/deploymentParameters.json#",
  "contentVersion": "1.0.0.0",
  "parameters": {
    "_artifactsLocation": {
      "value": "https://storavdlabeus2.blob.core.windows.net/postdeployscripts/"
    },
    "_artifactsLocationSasToken": {
      "value": "?sp=r&st=2023-02-02T14:10:24Z&se=2023-02-23T22:10:24Z&spr=https&sv=2021-06-08&sr=c&sig=zZNTCdYvO0limz5zljkoXsogDKS50XIVR%2BK3MUxCPH8%3D"
    },
    "AppGroupName": {
      "value": "ag-general-office-users"
    },
    "AppGroupType": {
      "value": "Desktop"
    },
    "Availability": {
      "value": "None"
    },
    "ComputeGalleryImage": {
      "value": "testFeaturesG2std"
    },
    "ComputeGalleryName": {
      "value": "aig_windows_desktops"
    },
    "ComputeGalleryRG": {
      "value": "rg-eastus2-aib-imaging"
    },
    "ComputeGallerySubId": {
      "value": "8a0ecebc-0e1d-4e8f-8cb8-8a92f49455b9"
    },
    "CrossTenantRegister": {
      "value": false
    },
    "CrossTenantRegisterToken": {
      "value": "null"
    },
    "CustomRdpProperty": {
      "value": "audiocapturemode:i:1;camerastoredirect:s:*;use multimon:i:0;drivestoredirect:s:;"
    },
    "DiskSku":{
      "value": "Standard_LRS"
    },
    "DomainName": {
      "value": "corefamily.net"
    },
    "DomainUser": {
      "value": "jcore@corefamily.net"
    },
    "HostPoolType":{
      "value": "Pooled DepthFirst"
    },
    "ResourceGroupHP": {
      "value": "rg-a-a-a-a-a-AVDTEST"
    },
    "ResourceGroupVMs":{
      "value": ""
    },
    "HostPoolName": {
      "value": "hp-eus2-AutoDeployTest"
    },
    "WorkspaceName": {
      "value": "ws-eus2-AutoDeployTest"
    },
    "Location": {
      "value": "eastus2"
    },
    "LogAnalyticsWorkspaceName": {
      "value": ""
    },
    "ManagementResourceGroup": {
      "value": ""
    },
    "Monitoring": {
      "value": true
    },
    "NumSessionHosts": {
      "value": 1
    },
    "NumUsersPerHost": {
      "value": 2
    },
    "Subnet": {
      "value": "subnet-eastus2-AVDLab-HostPoolVMs"
    },
    "Tags": {
      "value": {}
    },
    "StartVmOnConnect": {
      "value": true
    },
    "OUPath": {
      "value": "OU=Workstations,DC=corefamily,DC=net"
    },
    "ValidationEnvironment": {
      "value": false
    },
    "VmIndexStart": {
      "value": 5
    },
    "VmPrefix": {
      "value": "vmavdlabeus2"
    },
    "VirtualNetwork": {
      "value": "vnet-EastUS2-AVDLab"
    },
    "VirtualNetworkResourceGroup": {
      "value": "rg-eastus2-LandingZone"
    },
    "VmUsername": {
      "value": "jcore"
    }
  }
}