{
    "$schema": "https://schema.management.azure.com/schemas/2019-04-01/deploymentTemplate.json#",
    "contentVersion": "1.0.0.0",
    "parameters": {},
    "functions": [
    ],
    "variables": {
        "ComputeGallery": {
            "hyperVGeneration": "V2",
            "architecture": "x64",
            "features": [
                {
                    "name": "SecurityType",
                    "value": "TrustedLaunch"
                }
            ],
            "osType": "Windows",
            "osState": "Generalized",
            "identifier": {
                "publisher": "Microsoft",
                "offer": "Win10",
                "sku": "Office"
            },
            "recommended": {
                "vCPUs": {
                    "min": 1,
                    "max": 16
                },
                "memory": {
                    "min": 1,
                    "max": 32
                }
            },
            "provisioningState": "Succeeded"
        }
    },
    "resources": [],
    "outputs": {
        "SecurityFeature": {
            "type": "string",
            "value": "[first(map(filter(variables('ComputeGallery').features, lambda('feature', equals(lambdaVariables('feature').name, 'SecurityType'))), lambda('securityType', lambdaVariables('securityType').value)))]"
        }
    }
}