{
    "$schema": "https://schema.management.azure.com/schemas/2019-04-01/deploymentTemplate.json#",
    "contentVersion": "1.0.0.0",
    "parameters": {
        "sites_fa_eus2_AVDMetrics_name": {
            "defaultValue": "fa-eus2-AVDMetrics",
            "type": "String"
        },
        "serverfarms_ASP_rgeastus2AVDLabManage_a1cf_externalid": {
            "defaultValue": "/subscriptions/8a0ecebc-0e1d-4e8f-8cb8-8a92f49455b9/resourceGroups/rg-eastus2-AVDLab-Manage/providers/Microsoft.Web/serverfarms/ASP-rgeastus2AVDLabManage-a1cf",
            "type": "String"
        }
    },
    "variables": {},
    "resources": [
        {
            "type": "Microsoft.Web/sites",
            "apiVersion": "2021-03-01",
            "name": "[parameters('sites_fa_eus2_AVDMetrics_name')]",
            "location": "East US 2",
            "kind": "functionapp",
            "identity": {
                "type": "SystemAssigned"
            },
            "properties": {
                "enabled": true,
                "hostNameSslStates": [
                    {
                        "name": "fa-eus2-avdmetrics.azurewebsites.net",
                        "sslState": "Disabled",
                        "hostType": "Standard"
                    },
                    {
                        "name": "fa-eus2-avdmetrics.scm.azurewebsites.net",
                        "sslState": "Disabled",
                        "hostType": "Repository"
                    }
                ],
                "serverFarmId": "[parameters('serverfarms_ASP_rgeastus2AVDLabManage_a1cf_externalid')]",
                "reserved": false,
                "isXenon": false,
                "hyperV": false,
                "siteConfig": {
                    "numberOfWorkers": 1,
                    "acrUseManagedIdentityCreds": false,
                    "alwaysOn": false,
                    "http20Enabled": false,
                    "functionAppScaleLimit": 200,
                    "minimumElasticInstanceCount": 0
                },
                "scmSiteAlsoStopped": false,
                "clientAffinityEnabled": false,
                "clientCertEnabled": false,
                "clientCertMode": "Required",
                "hostNamesDisabled": false,
                "customDomainVerificationId": "3AD95E142C33A29A432800BD91AC0C7A8175101BA32B0DD4665FF5DB18887CAA",
                "containerSize": 1536,
                "dailyMemoryTimeQuota": 0,
                "httpsOnly": false,
                "redundancyMode": "None",
                "storageAccountRequired": false,
                "keyVaultReferenceIdentity": "SystemAssigned"
            }
        },
        {
            "type": "Microsoft.Web/sites/basicPublishingCredentialsPolicies",
            "apiVersion": "2021-03-01",
            "name": "[concat(parameters('sites_fa_eus2_AVDMetrics_name'), '/ftp')]",
            "location": "East US 2",
            "dependsOn": [
                "[resourceId('Microsoft.Web/sites', parameters('sites_fa_eus2_AVDMetrics_name'))]"
            ],
            "properties": {
                "allow": true
            }
        },
        {
            "type": "Microsoft.Web/sites/basicPublishingCredentialsPolicies",
            "apiVersion": "2021-03-01",
            "name": "[concat(parameters('sites_fa_eus2_AVDMetrics_name'), '/scm')]",
            "location": "East US 2",
            "dependsOn": [
                "[resourceId('Microsoft.Web/sites', parameters('sites_fa_eus2_AVDMetrics_name'))]"
            ],
            "properties": {
                "allow": true
            }
        },
        {
            "type": "Microsoft.Web/sites/config",
            "apiVersion": "2021-03-01",
            "name": "[concat(parameters('sites_fa_eus2_AVDMetrics_name'), '/web')]",
            "location": "East US 2",
            "dependsOn": [
                "[resourceId('Microsoft.Web/sites', parameters('sites_fa_eus2_AVDMetrics_name'))]"
            ],
            "properties": {
                "numberOfWorkers": 1,
                "defaultDocuments": [
                    "Default.htm",
                    "Default.html",
                    "Default.asp",
                    "index.htm",
                    "index.html",
                    "iisstart.htm",
                    "default.aspx",
                    "index.php"
                ],
                "netFrameworkVersion": "v6.0",
                "powerShellVersion": "~7",
                "requestTracingEnabled": false,
                "remoteDebuggingEnabled": false,
                "httpLoggingEnabled": false,
                "acrUseManagedIdentityCreds": false,
                "logsDirectorySizeLimit": 35,
                "detailedErrorLoggingEnabled": false,
                "publishingUsername": "$fa-eus2-AVDMetrics",
                "scmType": "None",
                "use32BitWorkerProcess": true,
                "webSocketsEnabled": false,
                "alwaysOn": false,
                "managedPipelineMode": "Integrated",
                "virtualApplications": [
                    {
                        "virtualPath": "/",
                        "physicalPath": "site\\wwwroot",
                        "preloadEnabled": false
                    }
                ],
                "loadBalancing": "LeastRequests",
                "experiments": {
                    "rampUpRules": []
                },
                "autoHealEnabled": false,
                "vnetRouteAllEnabled": false,
                "vnetPrivatePortsCount": 0,
                "cors": {
                    "allowedOrigins": [
                        "https://portal.azure.com"
                    ],
                    "supportCredentials": false
                },
                "localMySqlEnabled": false,
                "managedServiceIdentityId": 2154,
                "ipSecurityRestrictions": [
                    {
                        "ipAddress": "Any",
                        "action": "Allow",
                        "priority": 1,
                        "name": "Allow all",
                        "description": "Allow all access"
                    }
                ],
                "scmIpSecurityRestrictions": [
                    {
                        "ipAddress": "Any",
                        "action": "Allow",
                        "priority": 1,
                        "name": "Allow all",
                        "description": "Allow all access"
                    }
                ],
                "scmIpSecurityRestrictionsUseMain": false,
                "http20Enabled": false,
                "minTlsVersion": "1.2",
                "scmMinTlsVersion": "1.0",
                "ftpsState": "AllAllowed",
                "preWarmedInstanceCount": 0,
                "functionAppScaleLimit": 200,
                "functionsRuntimeScaleMonitoringEnabled": false,
                "minimumElasticInstanceCount": 0,
                "azureStorageAccounts": {}
            }
        },
        {
            "type": "Microsoft.Web/sites/functions",
            "apiVersion": "2021-03-01",
            "name": "[concat(parameters('sites_fa_eus2_AVDMetrics_name'), '/AVDMetrics-Every5Min')]",
            "location": "East US 2",
            "dependsOn": [
                "[resourceId('Microsoft.Web/sites', parameters('sites_fa_eus2_AVDMetrics_name'))]"
            ],
            "properties": {
                "script_root_path_href": "https://fa-eus2-avdmetrics.azurewebsites.net/admin/vfs/site/wwwroot/AVDMetrics-Every5Min/",
                "script_href": "https://fa-eus2-avdmetrics.azurewebsites.net/admin/vfs/site/wwwroot/AVDMetrics-Every5Min/run.ps1",
                "config_href": "https://fa-eus2-avdmetrics.azurewebsites.net/admin/vfs/site/wwwroot/AVDMetrics-Every5Min/function.json",
                "test_data_href": "https://fa-eus2-avdmetrics.azurewebsites.net/admin/vfs/data/Functions/sampledata/AVDMetrics-Every5Min.dat",
                "href": "https://fa-eus2-avdmetrics.azurewebsites.net/admin/functions/AVDMetrics-Every5Min",
                "config": {},
                "language": "powershell",
                "isDisabled": false
            }
        },
        {
            "type": "Microsoft.Web/sites/hostNameBindings",
            "apiVersion": "2021-03-01",
            "name": "[concat(parameters('sites_fa_eus2_AVDMetrics_name'), '/', parameters('sites_fa_eus2_AVDMetrics_name'), '.azurewebsites.net')]",
            "location": "East US 2",
            "dependsOn": [
                "[resourceId('Microsoft.Web/sites', parameters('sites_fa_eus2_AVDMetrics_name'))]"
            ],
            "properties": {
                "siteName": "fa-eus2-AVDMetrics",
                "hostNameType": "Verified"
            }
        }
    ]
}